func,block_name,block_hash
_kw_print_log,if.then,8c4aae141c93eefe41e2f6e8bd383411
_kw_init_dict,for.cond,ed64f5e0f9642d1225278190d9f24fb4
_kw_init_dict,for.body,bda9e2b3f06f1ad535289ff3f6bca846
_kw_init_dict,for.inc,dedab8751e48381cde06ed9c81763508
_kw_find_child,if.end,3356de0923818f2dcd4b3b5dea6e8bf3
_kw_find_child,while.cond,efd5a20c8805efcfb5a33f45f2ee686f
_kw_find_child,while.body,8a369dd3726e55d63f33a63c48190763
_kw_find_child,if.then.7,78bae1c1d2500dc16715bc1e1dc19fe9
_kw_find_child,if.else,0d72136b027469887970cdfbc3742e6a
_kw_find_child,if.end.9,61abf4ac93cb1230959b8308b2a9f6d1
_kw_find_child,while.end,13c51f6dc4dfd963cee3ff12cc56e6c8
_kw_find_child,return,f01bc696490fd1766c9d713015e126fa
_kw_add_node,do.body,624b1f8fc3a56ebcc79d0256d847794c
_kw_add_node,if.end,6f9168422e891c408e00d859e37e4112
_kw_add_node,if.then.8,059a6abffb02f1ba2f33826431f51dfd
_kw_add_node,while.cond,21e40feafcc111dce017bfb7fcc0e2fe
_kw_add_node,while.body,545144c829f14421259329cfc8cf7c86
_kw_add_node,while.end,d9b3c85f514db0b9a373d25fbb1c1da4
_kw_add_node,if.else,de6018ade720bdbdadeda7f0ec0b627e
main,do.body,51768e410c683c26ab4507a83029b4a8
main,do.end,de5594b82a83d74995101152a19cb48c
main,do.end,01fe1e1fa1337cebbe541c28fbd0be65
main,while.body.2,b7e3f99c64acee500baad818dd9d2c1a
main,if.then,78686ce330f44b0e0380eb95cb3a3ef8
main,if.end,3bae0e0ca3edc4c5c7ed7d3f700d16f5
main,if.then.5,3b6ea641c81998352d7682c06f5e7806
main,do.body.7,f34183b072bd0fcc9a1291530684d485
main,cond.false,823c22c404fd21b741c904eef1d9e325
main,cond.end,f65d7ad51001150afbbdc65644099546
main,cond.end,2ed30ce3127b72975bd0d23d8e424c2a
main,do.cond,b5a9bf9375ad65641a765ffb93e29050
main,do.end.13,d770ba11b8762e2833512e1f02454021
main,do.end.13,5476aa806939eb83ff17b9a5648198bb
main,if.then.16,e3adaa6e9fd513dbf4bfd8b911f93edd
main,if.then.16,768374995cf8ea9f309aea1369d1ad9f
main,do.body.19,5c5596370dc5e4a90cfb1ac2e6329bcf
